cxr,orig atp,dest apt,first fcc,last fcc,first flt#,first flt date,last flt#,last flt date,season,comp,amt,inclusive,tax,cur,fty,advpur,minstay,maxstay,first ticket,last ticket,first travel,last travel,penalty,shapshot,type,pos,outbound_travel_stop_over,homebound_travel_stop_over,out_booking_class,home_booking_class,source
N4,AER,MOW,,,N4411,06.03.2025 19:15,,,,,3897.0,3897.0,0.0,RUB,OW,,,,,,,,,05.03.2025 13:00,,,KZN,,Y,,nordwindairlines.ru
N4,AER,MOW,,,N4455,06.03.2025 16:15,,,,,5812.0,5812.0,0.0,RUB,OW,,,,,,,,,05.03.2025 13:00,,,LED,,Y,,nordwindairlines.ru
N4,AER,MOW,,,N4431,06.03.2025 12:45,,,,,12135.0,12135.0,0.0,RUB,OW,,,,,,,,,05.03.2025 13:00,,,REN,,Y,,nordwindairlines.ru
N4,AER,MOW,,,N46501,07.03.2025 11:30,,,,,3327.0,3327.0,0.0,RUB,OW,,,,,,,,,05.03.2025 13:00,,,,,Y,,nordwindairlines.ru
N4,AER,MOW,,,N4411,07.03.2025 16:50,,,,,6177.0,6177.0,0.0,RUB,OW,,,,,,,,,05.03.2025 13:00,,,KZN,,Y,,nordwindairlines.ru
N4,AER,MOW,,,N4455,08.03.2025 16:30,,,,,11452.0,11452.0,0.0,RUB,OW,,,,,,,,,05.03.2025 13:00,,,LED,,Y,,nordwindairlines.ru
N4,AER,MOW,,,N4455,08.03.2025 16:30,,,,,11512.0,11512.0,0.0,RUB,OW,,,,,,,,,05.03.2025 13:00,,,LED,,Y,,nordwindairlines.ru
N4,AER,MOW,,,N4431,08.03.2025 12:45,,,,,15515.0,15515.0,0.0,RUB,OW,,,,,,,,,05.03.2025 13:00,,,REN,,Y,,nordwindairlines.ru
N4,AER,MOW,,,N4411,09.03.2025 16:50,,,,,23477.0,23477.0,0.0,RUB,OW,,,,,,,,,05.03.2025 13:00,,,KZN,,Y,,nordwindairlines.ru
N4,AER,MOW,,,N4411,10.03.2025 16:50,,,,,14047.0,14047.0,0.0,RUB,OW,,,,,,,,,05.03.2025 13:00,,,KZN,,Y,,nordwindairlines.ru
N4,AER,MOW,,,N4431,11.03.2025 12:45,,,,,16675.0,16675.0,0.0,RUB,OW,,,,,,,,,05.03.2025 13:00,,,REN,,Y,,nordwindairlines.ru
N4,AER,MOW,,,N4411,12.03.2025 16:50,,,,,8547.0,8547.0,0.0,RUB,OW,,,,,,,,,05.03.2025 13:00,,,KZN,,Y,,nordwindairlines.ru
N4,AER,MOW,,,N4455,12.03.2025 14:25,,,,,12112.0,12112.0,0.0,RUB,OW,,,,,,,,,05.03.2025 13:00,,,LED,,Y,,nordwindairlines.ru
N4,AER,MOW,,,N4431,13.03.2025 12:45,,,,,11335.0,11335.0,0.0,RUB,OW,,,,,,,,,05.03.2025 13:00,,,REN,,Y,,nordwindairlines.ru
N4,AER,MOW,,,N4411,13.03.2025 19:15,,,,,11797.0,11797.0,0.0,RUB,OW,,,,,,,,,05.03.2025 13:00,,,KZN,,Y,,nordwindairlines.ru
N4,AER,MOW,,,N4411,14.03.2025 16:50,,,,,13397.0,13397.0,0.0,RUB,OW,,,,,,,,,05.03.2025 13:00,,,KZN,,Y,,nordwindairlines.ru
N4,AER,MOW,,,N4455,15.03.2025 16:30,,,,,12482.0,12482.0,0.0,RUB,OW,,,,,,,,,05.03.2025 13:00,,,LED,,Y,,nordwindairlines.ru
N4,AER,MOW,,,N4431,15.03.2025 12:45,,,,,13735.0,13735.0,0.0,RUB,OW,,,,,,,,,05.03.2025 13:00,,,REN,,Y,,nordwindairlines.ru
N4,AER,MOW,,,N4411,16.03.2025 16:50,,,,,18267.0,18267.0,0.0,RUB,OW,,,,,,,,,05.03.2025 13:00,,,KZN,,Y,,nordwindairlines.ru
N4,AER,MOW,,,N4411,17.03.2025 16:50,,,,,14797.0,14797.0,0.0,RUB,OW,,,,,,,,,05.03.2025 13:00,,,KZN,,Y,,nordwindairlines.ru
N4,AER,MOW,,,N4431,18.03.2025 12:45,,,,,14275.0,14275.0,0.0,RUB,OW,,,,,,,,,05.03.2025 13:00,,,REN,,Y,,nordwindairlines.ru
N4,AER,MOW,,,N4411,19.03.2025 16:50,,,,,9297.0,9297.0,0.0,RUB,OW,,,,,,,,,05.03.2025 13:00,,,KZN,,Y,,nordwindairlines.ru
N4,AER,MOW,,,N4455,19.03.2025 14:25,,,,,10062.0,10062.0,0.0,RUB,OW,,,,,,,,,05.03.2025 13:00,,,LED,,Y,,nordwindairlines.ru
N4,AER,MOW,,,N4455,20.03.2025 16:15,,,,,11212.0,11212.0,0.0,RUB,OW,,,,,,,,,05.03.2025 13:00,,,LED,,Y,,nordwindairlines.ru
N4,AER,MOW,,,N4431,20.03.2025 12:45,,,,,11835.0,11835.0,0.0,RUB,OW,,,,,,,,,05.03.2025 13:00,,,REN,,Y,,nordwindairlines.ru
N4,AER,MOW,,,N4411,20.03.2025 19:15,,,,,14197.0,14197.0,0.0,RUB,OW,,,,,,,,,05.03.2025 13:00,,,KZN,,Y,,nordwindairlines.ru
N4,AER,MOW,,,N4411,21.03.2025 16:50,,,,,14197.0,14197.0,0.0,RUB,OW,,,,,,,,,05.03.2025 13:00,,,KZN,,Y,,nordwindairlines.ru
N4,AER,MOW,,,N4431,22.03.2025 12:45,,,,,12635.0,12635.0,0.0,RUB,OW,,,,,,,,,05.03.2025 13:00,,,REN,,Y,,nordwindairlines.ru
N4,AER,MOW,,,N4455,22.03.2025 16:30,,,,,16022.0,16022.0,0.0,RUB,OW,,,,,,,,,05.03.2025 13:00,,,LED,,Y,,nordwindairlines.ru
N4,AER,MOW,,,N4455,22.03.2025 16:30,,,,,16882.0,16882.0,0.0,RUB,OW,,,,,,,,,05.03.2025 13:00,,,LED,,Y,,nordwindairlines.ru
N4,AER,MOW,,,N4411,23.03.2025 16:50,,,,,16117.0,16117.0,0.0,RUB,OW,,,,,,,,,05.03.2025 13:00,,,KZN,,Y,,nordwindairlines.ru
N4,AER,MOW,,,N4411,24.03.2025 16:50,,,,,15397.0,15397.0,0.0,RUB,OW,,,,,,,,,05.03.2025 13:00,,,KZN,,Y,,nordwindairlines.ru
N4,AER,MOW,,,N4431,25.03.2025 12:45,,,,,14175.0,14175.0,0.0,RUB,OW,,,,,,,,,05.03.2025 13:00,,,REN,,Y,,nordwindairlines.ru
N4,AER,MOW,,,N4411,26.03.2025 16:50,,,,,14197.0,14197.0,0.0,RUB,OW,,,,,,,,,05.03.2025 13:00,,,KZN,,Y,,nordwindairlines.ru
N4,AER,MOW,,,N4431,27.03.2025 12:45,,,,,15335.0,15335.0,0.0,RUB,OW,,,,,,,,,05.03.2025 13:00,,,REN,,Y,,nordwindairlines.ru
N4,AER,MOW,,,N4411,27.03.2025 19:15,,,,,16597.0,16597.0,0.0,RUB,OW,,,,,,,,,05.03.2025 13:00,,,KZN,,Y,,nordwindairlines.ru
N4,AER,MOW,,,N4455,27.03.2025 16:15,,,,,18612.0,18612.0,0.0,RUB,OW,,,,,,,,,05.03.2025 13:00,,,LED,,Y,,nordwindairlines.ru
N4,AER,MOW,,,N4411,28.03.2025 16:50,,,,,24197.0,24197.0,0.0,RUB,OW,,,,,,,,,05.03.2025 13:00,,,KZN,,Y,,nordwindairlines.ru
N4,AER,MOW,,,N4431,29.03.2025 11:35,,,,,15435.0,15435.0,0.0,RUB,OW,,,,,,,,,05.03.2025 13:00,,,REN,,Y,,nordwindairlines.ru
N4,AER,MOW,,,N4455,29.03.2025 16:30,,,,,26012.0,26012.0,0.0,RUB,OW,,,,,,,,,05.03.2025 13:00,,,LED,,Y,,nordwindairlines.ru
N4,AER,MOW,,,N4411,30.03.2025 17:10,,,,,39317.0,39317.0,0.0,RUB,OW,,,,,,,,,05.03.2025 13:00,,,KZN,,Y,,nordwindairlines.ru
N4,AER,MOW,,,N4411,31.03.2025 17:10,,,,,19197.0,19197.0,0.0,RUB,OW,,,,,,,,,05.03.2025 13:00,,,KZN,,Y,,nordwindairlines.ru
N4,AER,MOW,,,N4411,02.04.2025 19:45,,,,,12597.0,12597.0,0.0,RUB,OW,,,,,,,,,05.03.2025 13:00,,,KZN,,Y,,nordwindairlines.ru
N4,AER,MOW,,,N4455,03.04.2025 15:40,,,,,12792.0,12792.0,0.0,RUB,OW,,,,,,,,,05.03.2025 13:00,,,LED,,Y,,nordwindairlines.ru
N4,AER,MOW,,,N4411,03.04.2025 16:55,,,,,16397.0,16397.0,0.0,RUB,OW,,,,,,,,,05.03.2025 13:00,,,KZN,,Y,,nordwindairlines.ru
N4,AER,MOW,,,N4411,04.04.2025 16:55,,,,,10897.0,10897.0,0.0,RUB,OW,,,,,,,,,05.03.2025 13:00,,,KZN,,Y,,nordwindairlines.ru
N4,AER,MOW,,,N4411,04.04.2025 16:55,,,,,12097.0,12097.0,0.0,RUB,OW,,,,,,,,,05.03.2025 13:00,,,KZN,,Y,,nordwindairlines.ru
N4,AER,MOW,,,N4413,05.04.2025 20:05,,,,,13257.0,13257.0,0.0,RUB,OW,,,,,,,,,05.03.2025 13:00,,,KZN,,Y,,nordwindairlines.ru
N4,AER,MOW,,,N4455,06.04.2025 11:00,,,,,15472.0,15472.0,0.0,RUB,OW,,,,,,,,,05.03.2025 13:00,,,LED,,Y,,nordwindairlines.ru
N4,AER,MOW,,,N4411,06.04.2025 17:10,,,,,15517.0,15517.0,0.0,RUB,OW,,,,,,,,,05.03.2025 13:00,,,KZN,,Y,,nordwindairlines.ru
N4,AER,MOW,,,N4411,07.04.2025 17:10,,,,,13697.0,13697.0,0.0,RUB,OW,,,,,,,,,05.03.2025 13:00,,,KZN,,Y,,nordwindairlines.ru
N4,AER,MOW,,,N4411,09.04.2025 17:10,,,,,11097.0,11097.0,0.0,RUB,OW,,,,,,,,,05.03.2025 13:00,,,KZN,,Y,,nordwindairlines.ru
N4,AER,MOW,,,N4455,10.04.2025 15:40,,,,,14092.0,14092.0,0.0,RUB,OW,,,,,,,,,05.03.2025 13:00,,,LED,,Y,,nordwindairlines.ru
N4,AER,MOW,,,N4411,10.04.2025 16:55,,,,,15297.0,15297.0,0.0,RUB,OW,,,,,,,,,05.03.2025 13:00,,,KZN,,Y,,nordwindairlines.ru
N4,AER,MOW,,,N4411,11.04.2025 16:55,,,,,15297.0,15297.0,0.0,RUB,OW,,,,,,,,,05.03.2025 13:00,,,KZN,,Y,,nordwindairlines.ru
N4,AER,MOW,,,N4413,12.04.2025 20:05,,,,,16457.0,16457.0,0.0,RUB,OW,,,,,,,,,05.03.2025 13:00,,,KZN,,Y,,nordwindairlines.ru
N4,AER,MOW,,,N4411,13.04.2025 17:10,,,,,14417.0,14417.0,0.0,RUB,OW,,,,,,,,,05.03.2025 13:00,,,KZN,,Y,,nordwindairlines.ru
N4,AER,MOW,,,N4455,13.04.2025 11:00,,,,,16172.0,16172.0,0.0,RUB,OW,,,,,,,,,05.03.2025 13:00,,,LED,,Y,,nordwindairlines.ru
N4,AER,MOW,,,N4411,14.04.2025 17:10,,,,,14797.0,14797.0,0.0,RUB,OW,,,,,,,,,05.03.2025 13:00,,,KZN,,Y,,nordwindairlines.ru
N4,AER,MOW,,,N4411,16.04.2025 17:10,,,,,12597.0,12597.0,0.0,RUB,OW,,,,,,,,,05.03.2025 13:00,,,KZN,,Y,,nordwindairlines.ru
N4,AER,MOW,,,N4411,17.04.2025 16:55,,,,,13197.0,13197.0,0.0,RUB,OW,,,,,,,,,05.03.2025 13:00,,,KZN,,Y,,nordwindairlines.ru
N4,AER,MOW,,,N4455,17.04.2025 15:40,,,,,14792.0,14792.0,0.0,RUB,OW,,,,,,,,,05.03.2025 13:00,,,LED,,Y,,nordwindairlines.ru
N4,AER,MOW,,,N4411,18.04.2025 16:55,,,,,14797.0,14797.0,0.0,RUB,OW,,,,,,,,,05.03.2025 13:00,,,KZN,,Y,,nordwindairlines.ru
N4,AER,MOW,,,N4413,19.04.2025 20:05,,,,,17557.0,17557.0,0.0,RUB,OW,,,,,,,,,05.03.2025 13:00,,,KZN,,Y,,nordwindairlines.ru
N4,AER,MOW,,,N4455,20.04.2025 11:00,,,,,14972.0,14972.0,0.0,RUB,OW,,,,,,,,,05.03.2025 13:00,,,LED,,Y,,nordwindairlines.ru
N4,AER,MOW,,,N4411,20.04.2025 17:10,,,,,18217.0,18217.0,0.0,RUB,OW,,,,,,,,,05.03.2025 13:00,,,KZN,,Y,,nordwindairlines.ru
N4,AER,MOW,,,N4411,21.04.2025 17:10,,,,,12597.0,12597.0,0.0,RUB,OW,,,,,,,,,05.03.2025 13:00,,,KZN,,Y,,nordwindairlines.ru
N4,AER,MOW,,,N4411,23.04.2025 17:10,,,,,12597.0,12597.0,0.0,RUB,OW,,,,,,,,,05.03.2025 13:00,,,KZN,,Y,,nordwindairlines.ru
N4,AER,MOW,,,N4411,24.04.2025 16:55,,,,,13197.0,13197.0,0.0,RUB,OW,,,,,,,,,05.03.2025 13:00,,,KZN,,Y,,nordwindairlines.ru
N4,AER,MOW,,,N4455,24.04.2025 15:40,,,,,14092.0,14092.0,0.0,RUB,OW,,,,,,,,,05.03.2025 13:00,,,LED,,Y,,nordwindairlines.ru
N4,AER,MOW,,,N4411,25.04.2025 16:55,,,,,13697.0,13697.0,0.0,RUB,OW,,,,,,,,,05.03.2025 13:00,,,KZN,,Y,,nordwindairlines.ru
N4,AER,MOW,,,N4413,26.04.2025 20:05,,,,,17557.0,17557.0,0.0,RUB,OW,,,,,,,,,05.03.2025 13:00,,,KZN,,Y,,nordwindairlines.ru
N4,AER,MOW,,,N4411,27.04.2025 17:10,,,,,15517.0,15517.0,0.0,RUB,OW,,,,,,,,,05.03.2025 13:00,,,KZN,,Y,,nordwindairlines.ru
N4,AER,MOW,,,N4455,27.04.2025 11:00,,,,,16172.0,16172.0,0.0,RUB,OW,,,,,,,,,05.03.2025 13:00,,,LED,,Y,,nordwindairlines.ru
N4,AER,MOW,,,N4411,28.04.2025 17:10,,,,,12597.0,12597.0,0.0,RUB,OW,,,,,,,,,05.03.2025 13:00,,,KZN,,Y,,nordwindairlines.ru
N4,AER,MOW,,,N4411,29.04.2025 16:55,,,,,14297.0,14297.0,0.0,RUB,OW,,,,,,,,,05.03.2025 13:00,,,KZN,,Y,,nordwindairlines.ru
N4,AER,MOW,,,N4455,29.04.2025 14:20,,,,,15992.0,15992.0,0.0,RUB,OW,,,,,,,,,05.03.2025 13:00,,,LED,,Y,,nordwindairlines.ru
N4,AER,MOW,,,N4411,30.04.2025 17:10,,,,,19097.0,19097.0,0.0,RUB,OW,,,,,,,,,05.03.2025 13:00,,,KZN,,Y,,nordwindairlines.ru
N4,AER,MOW,,,N4455,01.05.2025 14:20,,,,,15292.0,15292.0,0.0,RUB,OW,,,,,,,,,05.03.2025 13:00,,,LED,,Y,,nordwindairlines.ru
N4,AER,MOW,,,N4411,01.05.2025 16:55,,,,,16597.0,16597.0,0.0,RUB,OW,,,,,,,,,05.03.2025 13:00,,,KZN,,Y,,nordwindairlines.ru
N4,AER,MOW,,,N4411,02.05.2025 13:25,,,,,19247.0,19247.0,0.0,RUB,OW,,,,,,,,,05.03.2025 13:00,,,KZN,,Y,,nordwindairlines.ru
N4,AER,MOW,,,N4413,03.05.2025 20:05,,,,,26057.0,26057.0,0.0,RUB,OW,,,,,,,,,05.03.2025 13:00,,,KZN,,Y,,nordwindairlines.ru
N4,AER,MOW,,,N4455,04.05.2025 16:35,,,,,20152.0,20152.0,0.0,RUB,OW,,,,,,,,,05.03.2025 13:00,,,LED,,Y,,nordwindairlines.ru
N4,AER,MOW,,,N4411,04.05.2025 17:10,,,,,23117.0,23117.0,0.0,RUB,OW,,,,,,,,,05.03.2025 13:00,,,KZN,,Y,,nordwindairlines.ru
N4,AER,MOW,,,N4411,05.05.2025 17:10,,,,,15697.0,15697.0,0.0,RUB,OW,,,,,,,,,05.03.2025 13:00,,,KZN,,Y,,nordwindairlines.ru
N4,AER,MOW,,,N4411,06.05.2025 16:55,,,,,16697.0,16697.0,0.0,RUB,OW,,,,,,,,,05.03.2025 13:00,,,KZN,,Y,,nordwindairlines.ru
N4,AER,MOW,,,N4411,07.05.2025 17:10,,,,,14597.0,14597.0,0.0,RUB,OW,,,,,,,,,05.03.2025 13:00,,,KZN,,Y,,nordwindairlines.ru
N4,AER,MOW,,,N4411,08.05.2025 16:55,,,,,14597.0,14597.0,0.0,RUB,OW,,,,,,,,,05.03.2025 13:00,,,KZN,,Y,,nordwindairlines.ru
N4,AER,MOW,,,N4455,08.05.2025 14:20,,,,,17192.0,17192.0,0.0,RUB,OW,,,,,,,,,05.03.2025 13:00,,,LED,,Y,,nordwindairlines.ru
N4,AER,MOW,,,N4455,08.05.2025 14:20,,,,,17192.0,17192.0,0.0,RUB,OW,,,,,,,,,05.03.2025 13:00,,,LED,,Y,,nordwindairlines.ru
N4,AER,MOW,,,N4411,09.05.2025 13:25,,,,,16897.0,16897.0,0.0,RUB,OW,,,,,,,,,05.03.2025 13:00,,,KZN,,Y,,nordwindairlines.ru
N4,AER,MOW,,,N4413,10.05.2025 20:05,,,,,23057.0,23057.0,0.0,RUB,OW,,,,,,,,,05.03.2025 13:00,,,KZN,,Y,,nordwindairlines.ru
N4,AER,MOW,,,N4411,11.05.2025 17:10,,,,,21517.0,21517.0,0.0,RUB,OW,,,,,,,,,05.03.2025 13:00,,,KZN,,Y,,nordwindairlines.ru
N4,AER,MOW,,,N4455,11.05.2025 16:35,,,,,25152.0,25152.0,0.0,RUB,OW,,,,,,,,,05.03.2025 13:00,,,LED,,Y,,nordwindairlines.ru
N4,AER,MOW,,,N4411,12.05.2025 17:10,,,,,15547.0,15547.0,0.0,RUB,OW,,,,,,,,,05.03.2025 13:00,,,KZN,,Y,,nordwindairlines.ru
N4,AER,MOW,,,N4411,13.05.2025 16:55,,,,,14197.0,14197.0,0.0,RUB,OW,,,,,,,,,05.03.2025 13:00,,,KZN,,Y,,nordwindairlines.ru
N4,AER,MOW,,,N4411,14.05.2025 17:10,,,,,14797.0,14797.0,0.0,RUB,OW,,,,,,,,,05.03.2025 13:00,,,KZN,,Y,,nordwindairlines.ru
N4,AER,MOW,,,N4411,15.05.2025 16:55,,,,,18097.0,18097.0,0.0,RUB,OW,,,,,,,,,05.03.2025 13:00,,,KZN,,Y,,nordwindairlines.ru
N4,AER,MOW,,,N4411,16.05.2025 13:25,,,,,13697.0,13697.0,0.0,RUB,OW,,,,,,,,,05.03.2025 13:00,,,KZN,,Y,,nordwindairlines.ru
N4,AER,MOW,,,N4413,17.05.2025 20:05,,,,,15357.0,15357.0,0.0,RUB,OW,,,,,,,,,05.03.2025 13:00,,,KZN,,Y,,nordwindairlines.ru
N4,AER,MOW,,,N4411,18.05.2025 17:10,,,,,15517.0,15517.0,0.0,RUB,OW,,,,,,,,,05.03.2025 13:00,,,KZN,,Y,,nordwindairlines.ru
N4,AER,MOW,,,N4411,19.05.2025 17:10,,,,,13697.0,13697.0,0.0,RUB,OW,,,,,,,,,05.03.2025 13:00,,,KZN,,Y,,nordwindairlines.ru
N4,AER,MOW,,,N4411,20.05.2025 16:55,,,,,11497.0,11497.0,0.0,RUB,OW,,,,,,,,,05.03.2025 13:00,,,KZN,,Y,,nordwindairlines.ru
N4,AER,MOW,,,N4411,21.05.2025 17:10,,,,,11497.0,11497.0,0.0,RUB,OW,,,,,,,,,05.03.2025 13:00,,,KZN,,Y,,nordwindairlines.ru
N4,AER,MOW,,,N4411,22.05.2025 16:55,,,,,11497.0,11497.0,0.0,RUB,OW,,,,,,,,,05.03.2025 13:00,,,KZN,,Y,,nordwindairlines.ru
N4,AER,MOW,,,N4411,23.05.2025 13:25,,,,,15397.0,15397.0,0.0,RUB,OW,,,,,,,,,05.03.2025 13:00,,,KZN,,Y,,nordwindairlines.ru
N4,AER,MOW,,,N4413,24.05.2025 20:05,,,,,16457.0,16457.0,0.0,RUB,OW,,,,,,,,,05.03.2025 13:00,,,KZN,,Y,,nordwindairlines.ru
N4,AER,MOW,,,N4411,25.05.2025 11:30,,,,,14417.0,14417.0,0.0,RUB,OW,,,,,,,,,05.03.2025 13:00,,,KZN,,Y,,nordwindairlines.ru
N4,AER,MOW,,,N4413,25.05.2025 20:15,,,,,14417.0,14417.0,0.0,RUB,OW,,,,,,,,,05.03.2025 13:00,,,KZN,,Y,,nordwindairlines.ru
N4,AER,MOW,,,N4411,26.05.2025 14:15,,,,,9897.0,9897.0,0.0,RUB,OW,,,,,,,,,05.03.2025 13:00,,,KZN,,Y,,nordwindairlines.ru
N4,AER,MOW,,,N4413,27.05.2025 16:55,,,,,9897.0,9897.0,0.0,RUB,OW,,,,,,,,,05.03.2025 13:00,,,KZN,,Y,,nordwindairlines.ru
N4,AER,MOW,,,N4411,28.05.2025 13:20,,,,,10897.0,10897.0,0.0,RUB,OW,,,,,,,,,05.03.2025 13:00,,,KZN,,Y,,nordwindairlines.ru
N4,AER,MOW,,,N4413,29.05.2025 20:15,,,,,8947.0,8947.0,0.0,RUB,OW,,,,,,,,,05.03.2025 13:00,,,KZN,,Y,,nordwindairlines.ru
N4,AER,MOW,,,N4411,29.05.2025 11:05,,,,,9897.0,9897.0,0.0,RUB,OW,,,,,,,,,05.03.2025 13:00,,,KZN,,Y,,nordwindairlines.ru
N4,AER,MOW,,,N4409,30.05.2025 23:10,,,,,12597.0,12597.0,0.0,RUB,OW,,,,,,,,,05.03.2025 13:00,,,KZN,,Y,,nordwindairlines.ru
N4,AER,MOW,,,N4411,30.05.2025 14:30,,,,,15997.0,15997.0,0.0,RUB,OW,,,,,,,,,05.03.2025 13:00,,,KZN,,Y,,nordwindairlines.ru
N4,AER,MOW,,,N4411,31.05.2025 10:40,,,,,11157.0,11157.0,0.0,RUB,OW,,,,,,,,,05.03.2025 13:00,,,KZN,,Y,,nordwindairlines.ru
N4,AER,MOW,,,N4413,31.05.2025 20:05,,,,,12157.0,12157.0,0.0,RUB,OW,,,,,,,,,05.03.2025 13:00,,,KZN,,Y,,nordwindairlines.ru
N4,AER,MOW,,,N4411,01.06.2025 11:30,,,,,11617.0,11617.0,0.0,RUB,OW,,,,,,,,,05.03.2025 13:00,,,KZN,,Y,,nordwindairlines.ru
N4,AER,MOW,,,N4413,01.06.2025 20:15,,,,,11617.0,11617.0,0.0,RUB,OW,,,,,,,,,05.03.2025 13:00,,,KZN,,Y,,nordwindairlines.ru
N4,AER,MOW,,,N4411,02.06.2025 14:15,,,,,10497.0,10497.0,0.0,RUB,OW,,,,,,,,,05.03.2025 13:00,,,KZN,,Y,,nordwindairlines.ru
N4,DYU,MOW,,,N41406,08.03.2025 08:30,,,,,37790.0,37790.0,0.0,RUB,OW,,,,,,,,,05.03.2025 13:02,,,KZN,,Y,,nordwindairlines.ru
N4,DYU,MOW,,,N41406,11.03.2025 08:30,,,,,34440.0,34440.0,0.0,RUB,OW,,,,,,,,,05.03.2025 13:02,,,KZN,,Y,,nordwindairlines.ru
N4,DYU,MOW,,,N41406,15.03.2025 08:30,,,,,37045.0,37045.0,0.0,RUB,OW,,,,,,,,,05.03.2025 13:02,,,KZN,,Y,,nordwindairlines.ru
N4,DYU,MOW,,,N41406,18.03.2025 08:30,,,,,35095.0,35095.0,0.0,RUB,OW,,,,,,,,,05.03.2025 13:02,,,KZN,,Y,,nordwindairlines.ru
N4,DYU,MOW,,,N41406,22.03.2025 08:30,,,,,35185.0,35185.0,0.0,RUB,OW,,,,,,,,,05.03.2025 13:02,,,KZN,,Y,,nordwindairlines.ru
N4,DYU,MOW,,,N41406,25.03.2025 08:30,,,,,33045.0,33045.0,0.0,RUB,OW,,,,,,,,,05.03.2025 13:02,,,KZN,,Y,,nordwindairlines.ru
N4,DYU,MOW,,,N41406,29.03.2025 08:30,,,,,36765.0,36765.0,0.0,RUB,OW,,,,,,,,,05.03.2025 13:02,,,KZN,,Y,,nordwindairlines.ru
N4,DYU,MOW,,,N41406,01.04.2025 08:30,,,,,31185.0,31185.0,0.0,RUB,OW,,,,,,,,,05.03.2025 13:02,,,KZN,,Y,,nordwindairlines.ru
N4,DYU,MOW,,,N41406,04.04.2025 08:30,,,,,35185.0,35185.0,0.0,RUB,OW,,,,,,,,,05.03.2025 13:02,,,KZN,,Y,,nordwindairlines.ru
N4,DYU,MOW,,,N41406,08.04.2025 08:30,,,,,31185.0,31185.0,0.0,RUB,OW,,,,,,,,,05.03.2025 13:02,,,KZN,,Y,,nordwindairlines.ru
N4,DYU,MOW,,,N41406,11.04.2025 08:30,,,,,33790.0,33790.0,0.0,RUB,OW,,,,,,,,,05.03.2025 13:02,,,KZN,,Y,,nordwindairlines.ru
N4,DYU,MOW,,,N41406,15.04.2025 08:30,,,,,31185.0,31185.0,0.0,RUB,OW,,,,,,,,,05.03.2025 13:02,,,KZN,,Y,,nordwindairlines.ru
N4,DYU,MOW,,,N41406,18.04.2025 08:30,,,,,31745.0,31745.0,0.0,RUB,OW,,,,,,,,,05.03.2025 13:02,,,KZN,,Y,,nordwindairlines.ru
N4,DYU,MOW,,,N41406,22.04.2025 08:30,,,,,31185.0,31185.0,0.0,RUB,OW,,,,,,,,,05.03.2025 13:02,,,KZN,,Y,,nordwindairlines.ru
N4,DYU,MOW,,,N41406,25.04.2025 08:30,,,,,31745.0,31745.0,0.0,RUB,OW,,,,,,,,,05.03.2025 13:02,,,KZN,,Y,,nordwindairlines.ru
N4,DYU,MOW,,,N41406,29.04.2025 08:30,,,,,31185.0,31185.0,0.0,RUB,OW,,,,,,,,,05.03.2025 13:02,,,KZN,,Y,,nordwindairlines.ru
N4,DYU,MOW,,,N41406,02.05.2025 08:30,,,,,31745.0,31745.0,0.0,RUB,OW,,,,,,,,,05.03.2025 13:02,,,KZN,,Y,,nordwindairlines.ru
N4,DYU,MOW,,,N41406,06.05.2025 08:30,,,,,32210.0,32210.0,0.0,RUB,OW,,,,,,,,,05.03.2025 13:02,,,KZN,,Y,,nordwindairlines.ru
N4,DYU,MOW,,,N41406,09.05.2025 08:30,,,,,29050.0,29050.0,0.0,RUB,OW,,,,,,,,,05.03.2025 13:02,,,KZN,,Y,,nordwindairlines.ru
N4,DYU,MOW,,,N41406,13.05.2025 08:30,,,,,27465.0,27465.0,0.0,RUB,OW,,,,,,,,,05.03.2025 13:02,,,KZN,,Y,,nordwindairlines.ru
N4,DYU,MOW,,,N41406,16.05.2025 08:30,,,,,28585.0,28585.0,0.0,RUB,OW,,,,,,,,,05.03.2025 13:02,,,KZN,,Y,,nordwindairlines.ru
N4,DYU,MOW,,,N41406,20.05.2025 08:30,,,,,28025.0,28025.0,0.0,RUB,OW,,,,,,,,,05.03.2025 13:02,,,KZN,,Y,,nordwindairlines.ru
N4,DYU,MOW,,,N41406,23.05.2025 08:30,,,,,28025.0,28025.0,0.0,RUB,OW,,,,,,,,,05.03.2025 13:02,,,KZN,,Y,,nordwindairlines.ru
N4,DYU,MOW,,,N41406,27.05.2025 08:30,,,,,28585.0,28585.0,0.0,RUB,OW,,,,,,,,,05.03.2025 13:02,,,KZN,,Y,,nordwindairlines.ru
N4,DYU,MOW,,,N41406,30.05.2025 08:30,,,,,28585.0,28585.0,0.0,RUB,OW,,,,,,,,,05.03.2025 13:02,,,KZN,,Y,,nordwindairlines.ru
N4,MOW,DYU,,,N459,06.03.2025 20:15,,,,,9240.0,9240.0,0.0,RUB,OW,,,,,,,,,05.03.2025 13:02,,,KZN,,Y,,nordwindairlines.ru
N4,MOW,DYU,,,N459,07.03.2025 20:00,,,,,8310.0,8310.0,0.0,RUB,OW,,,,,,,,,05.03.2025 13:02,,,KZN,,Y,,nordwindairlines.ru
N4,MOW,DYU,,,N459,09.03.2025 20:25,,,,,9145.0,9145.0,0.0,RUB,OW,,,,,,,,,05.03.2025 13:02,,,KZN,,Y,,nordwindairlines.ru
N4,MOW,DYU,,,N459,10.03.2025 20:15,,,,,7845.0,7845.0,0.0,RUB,OW,,,,,,,,,05.03.2025 13:02,,,KZN,,Y,,nordwindairlines.ru
N4,MOW,DYU,,,N459,13.03.2025 20:15,,,,,7845.0,7845.0,0.0,RUB,OW,,,,,,,,,05.03.2025 13:02,,,KZN,,Y,,nordwindairlines.ru
N4,MOW,DYU,,,N459,14.03.2025 20:00,,,,,8775.0,8775.0,0.0,RUB,OW,,,,,,,,,05.03.2025 13:02,,,KZN,,Y,,nordwindairlines.ru
N4,MOW,DYU,,,N459,16.03.2025 20:25,,,,,7845.0,7845.0,0.0,RUB,OW,,,,,,,,,05.03.2025 13:02,,,KZN,,Y,,nordwindairlines.ru
N4,MOW,DYU,,,N459,17.03.2025 20:15,,,,,7845.0,7845.0,0.0,RUB,OW,,,,,,,,,05.03.2025 13:02,,,KZN,,Y,,nordwindairlines.ru
N4,MOW,DYU,,,N459,20.03.2025 20:15,,,,,7845.0,7845.0,0.0,RUB,OW,,,,,,,,,05.03.2025 13:02,,,KZN,,Y,,nordwindairlines.ru
N4,MOW,DYU,,,N459,21.03.2025 20:00,,,,,8775.0,8775.0,0.0,RUB,OW,,,,,,,,,05.03.2025 13:02,,,KZN,,Y,,nordwindairlines.ru
N4,MOW,DYU,,,N459,23.03.2025 20:25,,,,,7845.0,7845.0,0.0,RUB,OW,,,,,,,,,05.03.2025 13:02,,,KZN,,Y,,nordwindairlines.ru
N4,MOW,DYU,,,N459,24.03.2025 20:15,,,,,7845.0,7845.0,0.0,RUB,OW,,,,,,,,,05.03.2025 13:02,,,KZN,,Y,,nordwindairlines.ru
N4,MOW,DYU,,,N459,27.03.2025 20:15,,,,,8775.0,8775.0,0.0,RUB,OW,,,,,,,,,05.03.2025 13:02,,,KZN,,Y,,nordwindairlines.ru
N4,MOW,DYU,,,N459,28.03.2025 20:00,,,,,10260.0,10260.0,0.0,RUB,OW,,,,,,,,,05.03.2025 13:02,,,KZN,,Y,,nordwindairlines.ru
N4,MOW,DYU,,,N459,30.03.2025 21:35,,,,,19005.0,19005.0,0.0,RUB,OW,,,,,,,,,05.03.2025 13:03,,,KZN,,Y,,nordwindairlines.ru
N4,MOW,DYU,,,N459,31.03.2025 20:55,,,,,19560.0,19560.0,0.0,RUB,OW,,,,,,,,,05.03.2025 13:03,,,KZN,,Y,,nordwindairlines.ru
N4,MOW,DYU,,,N459,02.04.2025 21:35,,,,,19560.0,19560.0,0.0,RUB,OW,,,,,,,,,05.03.2025 13:03,,,KZN,,Y,,nordwindairlines.ru
N4,MOW,DYU,,,N459,03.04.2025 20:55,,,,,20680.0,20680.0,0.0,RUB,OW,,,,,,,,,05.03.2025 13:03,,,KZN,,Y,,nordwindairlines.ru
N4,MOW,DYU,,,N459,06.04.2025 21:35,,,,,19560.0,19560.0,0.0,RUB,OW,,,,,,,,,05.03.2025 13:03,,,KZN,,Y,,nordwindairlines.ru
N4,MOW,DYU,,,N459,07.04.2025 20:55,,,,,18445.0,18445.0,0.0,RUB,OW,,,,,,,,,05.03.2025 13:03,,,KZN,,Y,,nordwindairlines.ru
N4,MOW,DYU,,,N459,09.04.2025 21:35,,,,,19560.0,19560.0,0.0,RUB,OW,,,,,,,,,05.03.2025 13:03,,,KZN,,Y,,nordwindairlines.ru
N4,MOW,DYU,,,N459,10.04.2025 20:55,,,,,19750.0,19750.0,0.0,RUB,OW,,,,,,,,,05.03.2025 13:03,,,KZN,,Y,,nordwindairlines.ru
N4,MOW,DYU,,,N459,13.04.2025 21:35,,,,,19005.0,19005.0,0.0,RUB,OW,,,,,,,,,05.03.2025 13:03,,,KZN,,Y,,nordwindairlines.ru
N4,MOW,DYU,,,N459,14.04.2025 20:55,,,,,19005.0,19005.0,0.0,RUB,OW,,,,,,,,,05.03.2025 13:03,,,KZN,,Y,,nordwindairlines.ru
N4,MOW,DYU,,,N459,16.04.2025 21:35,,,,,19560.0,19560.0,0.0,RUB,OW,,,,,,,,,05.03.2025 13:03,,,KZN,,Y,,nordwindairlines.ru
N4,MOW,DYU,,,N459,17.04.2025 20:55,,,,,19750.0,19750.0,0.0,RUB,OW,,,,,,,,,05.03.2025 13:03,,,KZN,,Y,,nordwindairlines.ru
N4,MOW,DYU,,,N459,20.04.2025 21:35,,,,,19560.0,19560.0,0.0,RUB,OW,,,,,,,,,05.03.2025 13:03,,,KZN,,Y,,nordwindairlines.ru
N4,MOW,DYU,,,N459,21.04.2025 20:55,,,,,19005.0,19005.0,0.0,RUB,OW,,,,,,,,,05.03.2025 13:03,,,KZN,,Y,,nordwindairlines.ru
N4,MOW,DYU,,,N459,23.04.2025 21:35,,,,,19285.0,19285.0,0.0,RUB,OW,,,,,,,,,05.03.2025 13:03,,,KZN,,Y,,nordwindairlines.ru
N4,MOW,DYU,,,N459,24.04.2025 20:55,,,,,21145.0,21145.0,0.0,RUB,OW,,,,,,,,,05.03.2025 13:03,,,KZN,,Y,,nordwindairlines.ru
N4,MOW,DYU,,,N459,27.04.2025 21:35,,,,,21050.0,21050.0,0.0,RUB,OW,,,,,,,,,05.03.2025 13:03,,,KZN,,Y,,nordwindairlines.ru
N4,MOW,DYU,,,N459,28.04.2025 20:55,,,,,20025.0,20025.0,0.0,RUB,OW,,,,,,,,,05.03.2025 13:03,,,KZN,,Y,,nordwindairlines.ru
N4,MOW,DYU,,,N459,30.04.2025 21:35,,,,,26070.0,26070.0,0.0,RUB,OW,,,,,,,,,05.03.2025 13:03,,,KZN,,Y,,nordwindairlines.ru
N4,MOW,DYU,,,N459,01.05.2025 20:55,,,,,23280.0,23280.0,0.0,RUB,OW,,,,,,,,,05.03.2025 13:03,,,KZN,,Y,,nordwindairlines.ru
N4,MOW,DYU,,,N459,04.05.2025 21:35,,,,,19750.0,19750.0,0.0,RUB,OW,,,,,,,,,05.03.2025 13:03,,,KZN,,Y,,nordwindairlines.ru
N4,MOW,DYU,,,N459,05.05.2025 20:55,,,,,19560.0,19560.0,0.0,RUB,OW,,,,,,,,,05.03.2025 13:03,,,KZN,,Y,,nordwindairlines.ru
N4,MOW,DYU,,,N459,07.05.2025 21:35,,,,,21610.0,21610.0,0.0,RUB,OW,,,,,,,,,05.03.2025 13:03,,,KZN,,Y,,nordwindairlines.ru
N4,MOW,DYU,,,N459,08.05.2025 20:55,,,,,20680.0,20680.0,0.0,RUB,OW,,,,,,,,,05.03.2025 13:03,,,KZN,,Y,,nordwindairlines.ru
N4,MOW,DYU,,,N459,11.05.2025 21:35,,,,,19560.0,19560.0,0.0,RUB,OW,,,,,,,,,05.03.2025 13:03,,,KZN,,Y,,nordwindairlines.ru
N4,MOW,DYU,,,N459,12.05.2025 20:55,,,,,19005.0,19005.0,0.0,RUB,OW,,,,,,,,,05.03.2025 13:03,,,KZN,,Y,,nordwindairlines.ru
N4,MOW,DYU,,,N459,14.05.2025 21:35,,,,,19005.0,19005.0,0.0,RUB,OW,,,,,,,,,05.03.2025 13:03,,,KZN,,Y,,nordwindairlines.ru
N4,MOW,DYU,,,N459,15.05.2025 20:55,,,,,19750.0,19750.0,0.0,RUB,OW,,,,,,,,,05.03.2025 13:03,,,KZN,,Y,,nordwindairlines.ru
N4,MOW,DYU,,,N459,18.05.2025 21:35,,,,,19005.0,19005.0,0.0,RUB,OW,,,,,,,,,05.03.2025 13:03,,,KZN,,Y,,nordwindairlines.ru
N4,MOW,DYU,,,N459,19.05.2025 20:55,,,,,19005.0,19005.0,0.0,RUB,OW,,,,,,,,,05.03.2025 13:03,,,KZN,,Y,,nordwindairlines.ru
N4,MOW,DYU,,,N459,21.05.2025 21:35,,,,,19005.0,19005.0,0.0,RUB,OW,,,,,,,,,05.03.2025 13:03,,,KZN,,Y,,nordwindairlines.ru
N4,MOW,DYU,,,N459,22.05.2025 20:55,,,,,19190.0,19190.0,0.0,RUB,OW,,,,,,,,,05.03.2025 13:03,,,KZN,,Y,,nordwindairlines.ru
N4,MOW,DYU,,,N459,25.05.2025 21:35,,,,,19190.0,19190.0,0.0,RUB,OW,,,,,,,,,05.03.2025 13:03,,,KZN,,Y,,nordwindairlines.ru
N4,MOW,DYU,,,N459,26.05.2025 20:55,,,,,19190.0,19190.0,0.0,RUB,OW,,,,,,,,,05.03.2025 13:03,,,KZN,,Y,,nordwindairlines.ru
N4,MOW,DYU,,,N459,28.05.2025 21:35,,,,,21610.0,21610.0,0.0,RUB,OW,,,,,,,,,05.03.2025 13:03,,,KZN,,Y,,nordwindairlines.ru
N4,MOW,DYU,,,N459,29.05.2025 20:55,,,,,22725.0,22725.0,0.0,RUB,OW,,,,,,,,,05.03.2025 13:03,,,KZN,,Y,,nordwindairlines.ru
N4,MOW,DYU,,,N459,01.06.2025 21:35,,,,,21610.0,21610.0,0.0,RUB,OW,,,,,,,,,05.03.2025 13:03,,,KZN,,Y,,nordwindairlines.ru
N4,MOW,DYU,,,N459,02.06.2025 20:55,,,,,21610.0,21610.0,0.0,RUB,OW,,,,,,,,,05.03.2025 13:03,,,KZN,,Y,,nordwindairlines.ru
N4,MOW,AER,,,N459,05.03.2025 20:25,,,,,9037.0,9037.0,0.0,RUB,OW,,,,,,,,,05.03.2025 13:03,,,KZN,,Y,,nordwindairlines.ru
N4,MOW,AER,,,N479,05.03.2025 23:45,,,,,24465.0,24465.0,0.0,RUB,OW,,,,,,,,,05.03.2025 13:03,,,REN,,Y,,nordwindairlines.ru
N4,MOW,AER,,,N4203,06.03.2025 20:40,,,,,10802.0,10802.0,0.0,RUB,OW,,,,,,,,,05.03.2025 13:03,,,LED,,Y,,nordwindairlines.ru
N4,MOW,AER,,,N459,06.03.2025 20:15,,,,,14877.0,14877.0,0.0,RUB,OW,,,,,,,,,05.03.2025 13:03,,,KZN,,Y,,nordwindairlines.ru
N4,MOW,AER,,,N4203,07.03.2025 21:10,,,,,10222.0,10222.0,0.0,RUB,OW,,,,,,,,,05.03.2025 13:03,,,LED,,Y,,nordwindairlines.ru
N4,MOW,AER,,,N479,07.03.2025 23:45,,,,,13065.0,13065.0,0.0,RUB,OW,,,,,,,,,05.03.2025 13:03,,,REN,,Y,,nordwindairlines.ru
N4,MOW,AER,,,N46502,08.03.2025 07:55,,,,,4337.0,4337.0,0.0,RUB,OW,,,,,,,,,05.03.2025 13:03,,,,,Y,,nordwindairlines.ru
N4,MOW,AER,,,N459,08.03.2025 20:25,,,,,13427.0,13427.0,0.0,RUB,OW,,,,,,,,,05.03.2025 13:03,,,KZN,,Y,,nordwindairlines.ru
N4,MOW,AER,,,N4203,09.03.2025 14:25,,,,,8622.0,8622.0,0.0,RUB,OW,,,,,,,,,05.03.2025 13:03,,,LED,,Y,,nordwindairlines.ru
N4,MOW,AER,,,N4205,09.03.2025 18:10,,,,,8622.0,8622.0,0.0,RUB,OW,,,,,,,,,05.03.2025 13:03,,,LED,,Y,,nordwindairlines.ru
N4,MOW,AER,,,N459,09.03.2025 20:25,,,,,12807.0,12807.0,0.0,RUB,OW,,,,,,,,,05.03.2025 13:03,,,KZN,,Y,,nordwindairlines.ru
N4,MOW,AER,,,N479,10.03.2025 23:45,,,,,12575.0,12575.0,0.0,RUB,OW,,,,,,,,,05.03.2025 13:03,,,REN,,Y,,nordwindairlines.ru
N4,MOW,AER,,,N459,11.03.2025 20:40,,,,,7797.0,7797.0,0.0,RUB,OW,,,,,,,,,05.03.2025 13:03,,,KZN,,Y,,nordwindairlines.ru
N4,MOW,AER,,,N459,12.03.2025 20:25,,,,,7797.0,7797.0,0.0,RUB,OW,,,,,,,,,05.03.2025 13:03,,,KZN,,Y,,nordwindairlines.ru
N4,MOW,AER,,,N479,12.03.2025 23:45,,,,,10275.0,10275.0,0.0,RUB,OW,,,,,,,,,05.03.2025 13:03,,,REN,,Y,,nordwindairlines.ru
N4,MOW,AER,,,N459,13.03.2025 20:15,,,,,7977.0,7977.0,0.0,RUB,OW,,,,,,,,,05.03.2025 13:03,,,KZN,,Y,,nordwindairlines.ru
N4,MOW,AER,,,N4203,13.03.2025 20:40,,,,,10182.0,10182.0,0.0,RUB,OW,,,,,,,,,05.03.2025 13:03,,,LED,,Y,,nordwindairlines.ru
N4,MOW,AER,,,N4203,14.03.2025 21:10,,,,,10242.0,10242.0,0.0,RUB,OW,,,,,,,,,05.03.2025 13:03,,,LED,,Y,,nordwindairlines.ru
N4,MOW,AER,,,N479,14.03.2025 23:45,,,,,14535.0,14535.0,0.0,RUB,OW,,,,,,,,,05.03.2025 13:03,,,REN,,Y,,nordwindairlines.ru
N4,MOW,AER,,,N459,15.03.2025 20:25,,,,,13097.0,13097.0,0.0,RUB,OW,,,,,,,,,05.03.2025 13:03,,,KZN,,Y,,nordwindairlines.ru
N4,MOW,AER,,,N46505,16.03.2025 08:30,,,,,10612.0,10612.0,0.0,RUB,OW,,,,,,,,,05.03.2025 13:03,,,LED,,Y,,nordwindairlines.ru
N4,MOW,AER,,,N4205,16.03.2025 18:10,,,,,11812.0,11812.0,0.0,RUB,OW,,,,,,,,,05.03.2025 13:03,,,LED,,Y,,nordwindairlines.ru
N4,MOW,AER,,,N459,16.03.2025 20:25,,,,,11997.0,11997.0,0.0,RUB,OW,,,,,,,,,05.03.2025 13:03,,,KZN,,Y,,nordwindairlines.ru
N4,MOW,AER,,,N479,17.03.2025 23:45,,,,,11775.0,11775.0,0.0,RUB,OW,,,,,,,,,05.03.2025 13:03,,,REN,,Y,,nordwindairlines.ru
N4,MOW,AER,,,N459,18.03.2025 20:00,,,,,9897.0,9897.0,0.0,RUB,OW,,,,,,,,,05.03.2025 13:03,,,KZN,,Y,,nordwindairlines.ru
N4,MOW,AER,,,N479,19.03.2025 23:45,,,,,11775.0,11775.0,0.0,RUB,OW,,,,,,,,,05.03.2025 13:03,,,REN,,Y,,nordwindairlines.ru
N4,MOW,AER,,,N459,19.03.2025 20:25,,,,,13047.0,13047.0,0.0,RUB,OW,,,,,,,,,05.03.2025 13:03,,,KZN,,Y,,nordwindairlines.ru
N4,MOW,AER,,,N459,20.03.2025 20:15,,,,,15577.0,15577.0,0.0,RUB,OW,,,,,,,,,05.03.2025 13:03,,,KZN,,Y,,nordwindairlines.ru
N4,MOW,AER,,,N4203,20.03.2025 20:40,,,,,20032.0,20032.0,0.0,RUB,OW,,,,,,,,,05.03.2025 13:03,,,LED,,Y,,nordwindairlines.ru
N4,MOW,AER,,,N479,21.03.2025 23:45,,,,,19335.0,19335.0,0.0,RUB,OW,,,,,,,,,05.03.2025 13:03,,,REN,,Y,,nordwindairlines.ru
N4,MOW,AER,,,N4203,21.03.2025 21:10,,,,,20692.0,20692.0,0.0,RUB,OW,,,,,,,,,05.03.2025 13:03,,,LED,,Y,,nordwindairlines.ru
N4,MOW,AER,,,N459,22.03.2025 20:25,,,,,15397.0,15397.0,0.0,RUB,OW,,,,,,,,,05.03.2025 13:03,,,KZN,,Y,,nordwindairlines.ru
N4,MOW,AER,,,N459,23.03.2025 20:25,,,,,14797.0,14797.0,0.0,RUB,OW,,,,,,,,,05.03.2025 13:03,,,KZN,,Y,,nordwindairlines.ru
N4,MOW,AER,,,N4205,23.03.2025 10:00,,,,,19212.0,19212.0,0.0,RUB,OW,,,,,,,,,05.03.2025 13:03,,,LED,,Y,,nordwindairlines.ru
N4,MOW,AER,,,N4203,23.03.2025 14:25,,,,,19212.0,19212.0,0.0,RUB,OW,,,,,,,,,05.03.2025 13:03,,,LED,,Y,,nordwindairlines.ru
N4,MOW,AER,,,N479,24.03.2025 23:45,,,,,12575.0,12575.0,0.0,RUB,OW,,,,,,,,,05.03.2025 13:03,,,REN,,Y,,nordwindairlines.ru
N4,MOW,AER,,,N459,25.03.2025 20:00,,,,,11397.0,11397.0,0.0,RUB,OW,,,,,,,,,05.03.2025 13:03,,,KZN,,Y,,nordwindairlines.ru
N4,MOW,AER,,,N459,26.03.2025 20:25,,,,,11997.0,11997.0,0.0,RUB,OW,,,,,,,,,05.03.2025 13:03,,,KZN,,Y,,nordwindairlines.ru
N4,MOW,AER,,,N479,26.03.2025 23:45,,,,,12575.0,12575.0,0.0,RUB,OW,,,,,,,,,05.03.2025 13:03,,,REN,,Y,,nordwindairlines.ru
N4,MOW,AER,,,N4203,27.03.2025 20:40,,,,,11932.0,11932.0,0.0,RUB,OW,,,,,,,,,05.03.2025 13:03,,,LED,,Y,,nordwindairlines.ru
N4,MOW,AER,,,N459,27.03.2025 20:15,,,,,12777.0,12777.0,0.0,RUB,OW,,,,,,,,,05.03.2025 13:03,,,KZN,,Y,,nordwindairlines.ru
N4,MOW,AER,,,N4203,28.03.2025 21:10,,,,,11992.0,11992.0,0.0,RUB,OW,,,,,,,,,05.03.2025 13:03,,,LED,,Y,,nordwindairlines.ru
N4,MOW,AER,,,N479,28.03.2025 23:45,,,,,16535.0,16535.0,0.0,RUB,OW,,,,,,,,,05.03.2025 13:03,,,REN,,Y,,nordwindairlines.ru
N4,MOW,AER,,,N459,29.03.2025 20:25,,,,,13197.0,13197.0,0.0,RUB,OW,,,,,,,,,05.03.2025 13:03,,,KZN,,Y,,nordwindairlines.ru
N4,MOW,AER,,,N459,30.03.2025 21:35,,,,,12597.0,12597.0,0.0,RUB,OW,,,,,,,,,05.03.2025 13:03,,,KZN,,Y,,nordwindairlines.ru
N4,MOW,AER,,,N4207,30.03.2025 21:25,,,,,14592.0,14592.0,0.0,RUB,OW,,,,,,,,,05.03.2025 13:03,,,LED,,Y,,nordwindairlines.ru
N4,MOW,AER,,,N459,31.03.2025 20:55,,,,,12097.0,12097.0,0.0,RUB,OW,,,,,,,,,05.03.2025 13:03,,,KZN,,Y,,nordwindairlines.ru
N4,MOW,AER,,,N4207,31.03.2025 08:50,,,,,15292.0,15292.0,0.0,RUB,OW,,,,,,,,,05.03.2025 13:03,,,LED,,Y,,nordwindairlines.ru
N4,MOW,AER,,,N459,01.04.2025 20:15,,,,,11497.0,11497.0,0.0,RUB,OW,,,,,,,,,05.03.2025 13:03,,,KZN,,Y,,nordwindairlines.ru
N4,MOW,AER,,,N459,02.04.2025 21:35,,,,,11097.0,11097.0,0.0,RUB,OW,,,,,,,,,05.03.2025 13:03,,,KZN,,Y,,nordwindairlines.ru
N4,MOW,AER,,,N4207,03.04.2025 18:05,,,,,13012.0,13012.0,0.0,RUB,OW,,,,,,,,,05.03.2025 13:03,,,LED,,Y,,nordwindairlines.ru
N4,MOW,AER,,,N459,03.04.2025 20:55,,,,,15477.0,15477.0,0.0,RUB,OW,,,,,,,,,05.03.2025 13:03,,,KZN,,Y,,nordwindairlines.ru
N4,MOW,AER,,,N4207,04.04.2025 21:05,,,,,11772.0,11772.0,0.0,RUB,OW,,,,,,,,,05.03.2025 13:03,,,LED,,Y,,nordwindairlines.ru
N4,MOW,AER,,,N459,04.04.2025 20:35,,,,,15477.0,15477.0,0.0,RUB,OW,,,,,,,,,05.03.2025 13:03,,,KZN,,Y,,nordwindairlines.ru
N4,MOW,AER,,,N459,05.04.2025 21:15,,,,,14197.0,14197.0,0.0,RUB,OW,,,,,,,,,05.03.2025 13:03,,,KZN,,Y,,nordwindairlines.ru
N4,MOW,AER,,,N459,06.04.2025 21:35,,,,,12097.0,12097.0,0.0,RUB,OW,,,,,,,,,05.03.2025 13:03,,,KZN,,Y,,nordwindairlines.ru
N4,MOW,AER,,,N4207,06.04.2025 21:25,,,,,12792.0,12792.0,0.0,RUB,OW,,,,,,,,,05.03.2025 13:03,,,LED,,Y,,nordwindairlines.ru
N4,MOW,AER,,,N459,08.04.2025 20:15,,,,,10497.0,10497.0,0.0,RUB,OW,,,,,,,,,05.03.2025 13:03,,,KZN,,Y,,nordwindairlines.ru
N4,MOW,AER,,,N459,09.04.2025 21:35,,,,,12097.0,12097.0,0.0,RUB,OW,,,,,,,,,05.03.2025 13:03,,,KZN,,Y,,nordwindairlines.ru
N4,MOW,AER,,,N4207,10.04.2025 18:05,,,,,12912.0,12912.0,0.0,RUB,OW,,,,,,,,,05.03.2025 13:03,,,LED,,Y,,nordwindairlines.ru
N4,MOW,AER,,,N459,10.04.2025 20:55,,,,,13377.0,13377.0,0.0,RUB,OW,,,,,,,,,05.03.2025 13:03,,,KZN,,Y,,nordwindairlines.ru
N4,MOW,AER,,,N4207,11.04.2025 21:05,,,,,13572.0,13572.0,0.0,RUB,OW,,,,,,,,,05.03.2025 13:03,,,LED,,Y,,nordwindairlines.ru
N4,MOW,AER,,,N459,11.04.2025 20:35,,,,,14377.0,14377.0,0.0,RUB,OW,,,,,,,,,05.03.2025 13:03,,,KZN,,Y,,nordwindairlines.ru
N4,MOW,AER,,,N459,12.04.2025 21:15,,,,,13197.0,13197.0,0.0,RUB,OW,,,,,,,,,05.03.2025 13:03,,,KZN,,Y,,nordwindairlines.ru
N4,MOW,AER,,,N4207,13.04.2025 21:25,,,,,13392.0,13392.0,0.0,RUB,OW,,,,,,,,,05.03.2025 13:04,,,LED,,Y,,nordwindairlines.ru
N4,MOW,AER,,,N459,13.04.2025 21:35,,,,,13697.0,13697.0,0.0,RUB,OW,,,,,,,,,05.03.2025 13:04,,,KZN,,Y,,nordwindairlines.ru
N4,MOW,AER,,,N459,15.04.2025 20:15,,,,,17497.0,17497.0,0.0,RUB,OW,,,,,,,,,05.03.2025 13:04,,,KZN,,Y,,nordwindairlines.ru
N4,MOW,AER,,,N459,16.04.2025 21:35,,,,,14297.0,14297.0,0.0,RUB,OW,,,,,,,,,05.03.2025 13:04,,,KZN,,Y,,nordwindairlines.ru
N4,MOW,AER,,,N459,17.04.2025 20:55,,,,,14477.0,14477.0,0.0,RUB,OW,,,,,,,,,05.03.2025 13:04,,,KZN,,Y,,nordwindairlines.ru
N4,MOW,AER,,,N4207,17.04.2025 18:05,,,,,14712.0,14712.0,0.0,RUB,OW,,,,,,,,,05.03.2025 13:04,,,LED,,Y,,nordwindairlines.ru
N4,MOW,AER,,,N459,18.04.2025 20:35,,,,,13377.0,13377.0,0.0,RUB,OW,,,,,,,,,05.03.2025 13:04,,,KZN,,Y,,nordwindairlines.ru
N4,MOW,AER,,,N4207,18.04.2025 21:05,,,,,14772.0,14772.0,0.0,RUB,OW,,,,,,,,,05.03.2025 13:04,,,LED,,Y,,nordwindairlines.ru
N4,MOW,AER,,,N459,19.04.2025 21:15,,,,,14297.0,14297.0,0.0,RUB,OW,,,,,,,,,05.03.2025 13:04,,,KZN,,Y,,nordwindairlines.ru
N4,MOW,AER,,,N459,20.04.2025 21:35,,,,,14297.0,14297.0,0.0,RUB,OW,,,,,,,,,05.03.2025 13:04,,,KZN,,Y,,nordwindairlines.ru
N4,MOW,AER,,,N4207,20.04.2025 21:25,,,,,15742.0,15742.0,0.0,RUB,OW,,,,,,,,,05.03.2025 13:04,,,LED,,Y,,nordwindairlines.ru
N4,MOW,AER,,,N4207,21.04.2025 09:15,,,,,17142.0,17142.0,0.0,RUB,OW,,,,,,,,,05.03.2025 13:04,,,LED,,Y,,nordwindairlines.ru
N4,MOW,AER,,,N459,22.04.2025 20:15,,,,,14797.0,14797.0,0.0,RUB,OW,,,,,,,,,05.03.2025 13:04,,,KZN,,Y,,nordwindairlines.ru
N4,MOW,AER,,,N459,23.04.2025 21:35,,,,,13847.0,13847.0,0.0,RUB,OW,,,,,,,,,05.03.2025 13:04,,,KZN,,Y,,nordwindairlines.ru
N4,MOW,AER,,,N4207,24.04.2025 18:05,,,,,15562.0,15562.0,0.0,RUB,OW,,,,,,,,,05.03.2025 13:04,,,LED,,Y,,nordwindairlines.ru
N4,MOW,AER,,,N459,24.04.2025 20:55,,,,,16877.0,16877.0,0.0,RUB,OW,,,,,,,,,05.03.2025 13:04,,,KZN,,Y,,nordwindairlines.ru
N4,MOW,AER,,,N4207,25.04.2025 21:05,,,,,16922.0,16922.0,0.0,RUB,OW,,,,,,,,,05.03.2025 13:04,,,LED,,Y,,nordwindairlines.ru
N4,MOW,AER,,,N459,25.04.2025 20:35,,,,,19077.0,19077.0,0.0,RUB,OW,,,,,,,,,05.03.2025 13:04,,,KZN,,Y,,nordwindairlines.ru
N4,MOW,AER,,,N459,26.04.2025 21:15,,,,,16697.0,16697.0,0.0,RUB,OW,,,,,,,,,05.03.2025 13:04,,,KZN,,Y,,nordwindairlines.ru
N4,MOW,AER,,,N4207,27.04.2025 21:20,,,,,14892.0,14892.0,0.0,RUB,OW,,,,,,,,,05.03.2025 13:04,,,LED,,Y,,nordwindairlines.ru
N4,MOW,AER,,,N459,27.04.2025 21:35,,,,,16697.0,16697.0,0.0,RUB,OW,,,,,,,,,05.03.2025 13:04,,,KZN,,Y,,nordwindairlines.ru
N4,MOW,AER,,,N459,28.04.2025 20:55,,,,,14597.0,14597.0,0.0,RUB,OW,,,,,,,,,05.03.2025 13:04,,,KZN,,Y,,nordwindairlines.ru
N4,MOW,AER,,,N4207,28.04.2025 09:35,,,,,16292.0,16292.0,0.0,RUB,OW,,,,,,,,,05.03.2025 13:04,,,LED,,Y,,nordwindairlines.ru
N4,MOW,AER,,,N459,29.04.2025 20:15,,,,,17897.0,17897.0,0.0,RUB,OW,,,,,,,,,05.03.2025 13:04,,,KZN,,Y,,nordwindairlines.ru
N4,MOW,AER,,,N4205,30.04.2025 17:55,,,,,21292.0,21292.0,0.0,RUB,OW,,,,,,,,,05.03.2025 13:04,,,LED,,Y,,nordwindairlines.ru
N4,MOW,AER,,,N459,30.04.2025 21:35,,,,,26197.0,26197.0,0.0,RUB,OW,,,,,,,,,05.03.2025 13:04,,,KZN,,Y,,nordwindairlines.ru
N4,MOW,AER,,,N459,01.05.2025 20:55,,,,,20277.0,20277.0,0.0,RUB,OW,,,,,,,,,05.03.2025 13:04,,,KZN,,Y,,nordwindairlines.ru
N4,MOW,AER,,,N459,02.05.2025 20:35,,,,,19177.0,19177.0,0.0,RUB,OW,,,,,,,,,05.03.2025 13:04,,,KZN,,Y,,nordwindairlines.ru
N4,MOW,AER,,,N459,03.05.2025 21:15,,,,,17897.0,17897.0,0.0,RUB,OW,,,,,,,,,05.03.2025 13:04,,,KZN,,Y,,nordwindairlines.ru
N4,MOW,AER,,,N4205,04.05.2025 22:05,,,,,15442.0,15442.0,0.0,RUB,OW,,,,,,,,,05.03.2025 13:04,,,LED,,Y,,nordwindairlines.ru
N4,MOW,AER,,,N459,04.05.2025 21:35,,,,,15547.0,15547.0,0.0,RUB,OW,,,,,,,,,05.03.2025 13:04,,,KZN,,Y,,nordwindairlines.ru
N4,MOW,AER,,,N4207,05.05.2025 09:30,,,,,15292.0,15292.0,0.0,RUB,OW,,,,,,,,,05.03.2025 13:04,,,LED,,Y,,nordwindairlines.ru
N4,MOW,AER,,,N459,05.05.2025 20:55,,,,,15397.0,15397.0,0.0,RUB,OW,,,,,,,,,05.03.2025 13:04,,,KZN,,Y,,nordwindairlines.ru
N4,MOW,AER,,,N459,06.05.2025 20:15,,,,,15397.0,15397.0,0.0,RUB,OW,,,,,,,,,05.03.2025 13:04,,,KZN,,Y,,nordwindairlines.ru
N4,MOW,AER,,,N459,07.05.2025 21:35,,,,,18697.0,18697.0,0.0,RUB,OW,,,,,,,,,05.03.2025 13:04,,,KZN,,Y,,nordwindairlines.ru
N4,MOW,AER,,,N459,08.05.2025 20:55,,,,,14377.0,14377.0,0.0,RUB,OW,,,,,,,,,05.03.2025 13:04,,,KZN,,Y,,nordwindairlines.ru
N4,MOW,AER,,,N459,09.05.2025 20:35,,,,,15577.0,15577.0,0.0,RUB,OW,,,,,,,,,05.03.2025 13:04,,,KZN,,Y,,nordwindairlines.ru
N4,MOW,AER,,,N459,10.05.2025 21:15,,,,,16597.0,16597.0,0.0,RUB,OW,,,,,,,,,05.03.2025 13:04,,,KZN,,Y,,nordwindairlines.ru
N4,MOW,AER,,,N4205,11.05.2025 22:05,,,,,15292.0,15292.0,0.0,RUB,OW,,,,,,,,,05.03.2025 13:04,,,LED,,Y,,nordwindairlines.ru
N4,MOW,AER,,,N459,11.05.2025 21:35,,,,,16597.0,16597.0,0.0,RUB,OW,,,,,,,,,05.03.2025 13:04,,,KZN,,Y,,nordwindairlines.ru
N4,MOW,AER,,,N459,12.05.2025 20:55,,,,,14797.0,14797.0,0.0,RUB,OW,,,,,,,,,05.03.2025 13:04,,,KZN,,Y,,nordwindairlines.ru
N4,MOW,AER,,,N4207,12.05.2025 09:30,,,,,15992.0,15992.0,0.0,RUB,OW,,,,,,,,,05.03.2025 13:04,,,LED,,Y,,nordwindairlines.ru
N4,MOW,AER,,,N459,13.05.2025 20:15,,,,,14797.0,14797.0,0.0,RUB,OW,,,,,,,,,05.03.2025 13:04,,,KZN,,Y,,nordwindairlines.ru
N4,MOW,AER,,,N459,14.05.2025 21:35,,,,,14797.0,14797.0,0.0,RUB,OW,,,,,,,,,05.03.2025 13:04,,,KZN,,Y,,nordwindairlines.ru
N4,MOW,AER,,,N459,15.05.2025 20:55,,,,,16777.0,16777.0,0.0,RUB,OW,,,,,,,,,05.03.2025 13:04,,,KZN,,Y,,nordwindairlines.ru
N4,MOW,AER,,,N459,16.05.2025 20:35,,,,,16577.0,16577.0,0.0,RUB,OW,,,,,,,,,05.03.2025 13:04,,,KZN,,Y,,nordwindairlines.ru
N4,MOW,AER,,,N459,17.05.2025 21:15,,,,,14797.0,14797.0,0.0,RUB,OW,,,,,,,,,05.03.2025 13:04,,,KZN,,Y,,nordwindairlines.ru
N4,MOW,AER,,,N459,18.05.2025 21:35,,,,,14797.0,14797.0,0.0,RUB,OW,,,,,,,,,05.03.2025 13:04,,,KZN,,Y,,nordwindairlines.ru
N4,MOW,AER,,,N459,19.05.2025 20:55,,,,,14797.0,14797.0,0.0,RUB,OW,,,,,,,,,05.03.2025 13:04,,,KZN,,Y,,nordwindairlines.ru
N4,MOW,AER,,,N459,20.05.2025 20:15,,,,,15997.0,15997.0,0.0,RUB,OW,,,,,,,,,05.03.2025 13:04,,,KZN,,Y,,nordwindairlines.ru
N4,MOW,AER,,,N459,21.05.2025 21:35,,,,,15997.0,15997.0,0.0,RUB,OW,,,,,,,,,05.03.2025 13:04,,,KZN,,Y,,nordwindairlines.ru
N4,MOW,AER,,,N459,22.05.2025 20:55,,,,,17677.0,17677.0,0.0,RUB,OW,,,,,,,,,05.03.2025 13:04,,,KZN,,Y,,nordwindairlines.ru
N4,MOW,AER,,,N459,23.05.2025 20:35,,,,,16577.0,16577.0,0.0,RUB,OW,,,,,,,,,05.03.2025 13:04,,,KZN,,Y,,nordwindairlines.ru
N4,MOW,AER,,,N459,23.05.2025 20:35,,,,,16597.0,16597.0,0.0,RUB,OW,,,,,,,,,05.03.2025 13:04,,,KZN,,Y,,nordwindairlines.ru
N4,MOW,AER,,,N459,24.05.2025 21:15,,,,,14877.0,14877.0,0.0,RUB,OW,,,,,,,,,05.03.2025 13:04,,,KZN,,Y,,nordwindairlines.ru
N4,MOW,AER,,,N459,24.05.2025 21:15,,,,,16077.0,16077.0,0.0,RUB,OW,,,,,,,,,05.03.2025 13:04,,,KZN,,Y,,nordwindairlines.ru
N4,MOW,AER,,,N459,25.05.2025 21:35,,,,,16157.0,16157.0,0.0,RUB,OW,,,,,,,,,05.03.2025 13:04,,,KZN,,Y,,nordwindairlines.ru
N4,MOW,AER,,,N459,26.05.2025 20:55,,,,,14957.0,14957.0,0.0,RUB,OW,,,,,,,,,05.03.2025 13:04,,,KZN,,Y,,nordwindairlines.ru
N4,MOW,AER,,,N459,26.05.2025 20:55,,,,,16157.0,16157.0,0.0,RUB,OW,,,,,,,,,05.03.2025 13:04,,,KZN,,Y,,nordwindairlines.ru
N4,MOW,AER,,,N459,27.05.2025 20:15,,,,,16157.0,16157.0,0.0,RUB,OW,,,,,,,,,05.03.2025 13:04,,,KZN,,Y,,nordwindairlines.ru
N4,MOW,AER,,,N459,28.05.2025 21:35,,,,,15557.0,15557.0,0.0,RUB,OW,,,,,,,,,05.03.2025 13:04,,,KZN,,Y,,nordwindairlines.ru
N4,MOW,AER,,,N459,28.05.2025 21:35,,,,,15557.0,15557.0,0.0,RUB,OW,,,,,,,,,05.03.2025 13:04,,,KZN,,Y,,nordwindairlines.ru
N4,MOW,AER,,,N459,29.05.2025 20:55,,,,,15637.0,15637.0,0.0,RUB,OW,,,,,,,,,05.03.2025 13:04,,,KZN,,Y,,nordwindairlines.ru
N4,MOW,AER,,,N459,29.05.2025 20:55,,,,,16737.0,16737.0,0.0,RUB,OW,,,,,,,,,05.03.2025 13:04,,,KZN,,Y,,nordwindairlines.ru
N4,MOW,AER,,,N459,30.05.2025 20:35,,,,,16737.0,16737.0,0.0,RUB,OW,,,,,,,,,05.03.2025 13:04,,,KZN,,Y,,nordwindairlines.ru
N4,MOW,AER,,,N459,30.05.2025 20:35,,,,,16737.0,16737.0,0.0,RUB,OW,,,,,,,,,05.03.2025 13:04,,,KZN,,Y,,nordwindairlines.ru
N4,MOW,AER,,,N459,31.05.2025 21:15,,,,,16757.0,16757.0,0.0,RUB,OW,,,,,,,,,05.03.2025 13:04,,,KZN,,Y,,nordwindairlines.ru
N4,MOW,AER,,,N459,31.05.2025 21:15,,,,,16757.0,16757.0,0.0,RUB,OW,,,,,,,,,05.03.2025 13:04,,,KZN,,Y,,nordwindairlines.ru
N4,MOW,AER,,,N459,01.06.2025 21:35,,,,,16757.0,16757.0,0.0,RUB,OW,,,,,,,,,05.03.2025 13:04,,,KZN,,Y,,nordwindairlines.ru
N4,MOW,AER,,,N459,02.06.2025 20:55,,,,,15557.0,15557.0,0.0,RUB,OW,,,,,,,,,05.03.2025 13:04,,,KZN,,Y,,nordwindairlines.ru
N4,MOW,AER,,,N459,02.06.2025 20:55,,,,,16757.0,16757.0,0.0,RUB,OW,,,,,,,,,05.03.2025 13:04,,,KZN,,Y,,nordwindairlines.ru
